{
    "accuracy": [
        0.9578499794006348,
        0.98458331823349,
        0.9898999929428101,
        0.9936666488647461,
        0.9956833124160767
    ],
    "loss": [
        0.14424802362918854,
        0.04992621764540672,
        0.031516723334789276,
        0.0205575842410326,
        0.013600412756204605
    ],
    "val_accuracy": [
        0.9749000072479248,
        0.9833999872207642,
        0.9846000075340271,
        0.9855999946594238,
        0.9819999933242798
    ],
    "val_loss": [
        0.07599817216396332,
        0.048934102058410645,
        0.04557184875011444,
        0.041106268763542175,
        0.060124028474092484
    ]
}