{
    "test_loss": 0.060124028474092484,
    "test_accuracy": 0.9819999933242798,
    "confusion_matrix": [
        [
            965,
            1,
            0,
            1,
            0,
            4,
            4,
            0,
            4,
            1
        ],
        [
            0,
            1132,
            1,
            0,
            0,
            1,
            0,
            0,
            1,
            0
        ],
        [
            1,
            5,
            1008,
            0,
            0,
            1,
            2,
            6,
            9,
            0
        ],
        [
            0,
            0,
            1,
            967,
            0,
            35,
            0,
            0,
            6,
            1
        ],
        [
            0,
            0,
            0,
            0,
            972,
            0,
            3,
            0,
            2,
            5
        ],
        [
            0,
            0,
            1,
            0,
            0,
            889,
            1,
            0,
            1,
            0
        ],
        [
            3,
            2,
            0,
            1,
            1,
            4,
            943,
            0,
            4,
            0
        ],
        [
            0,
            3,
            8,
            0,
            0,
            0,
            0,
            1004,
            8,
            5
        ],
        [
            0,
            0,
            1,
            0,
            0,
            3,
            0,
            0,
            968,
            2
        ],
        [
            0,
            4,
            1,
            0,
            8,
            10,
            0,
            1,
            13,
            972
        ]
    ]
}